Event,Choice,Effect,Notes,Card,Enchantment,Potion,Relic,Powers
aroma_of_chaos,Let Go,[gold]Transform[/gold] a card in your [gold]Deck[/gold].,,,,,,
aroma_of_chaos,Maintain Control,[gold]Upgrade[/gold] a card in your [gold]Deck[/gold].,,,,,,
byrdonis_nest,Eat the Egg,Gain [blue]7[/blue] Max HP.,,,,,,
byrdonis_nest,Take the Egg,Add [gold]Byrdonis Egg[/gold] to your [gold]Deck[/gold].,,"Byrdonis Egg, Byrd Swoop",,,,
colorful_philosophers,Red,Obtain [blue]3[/blue] Ironclad cards.,,,,,,
colorful_philosophers,Green,Obtain [blue]3[/blue] Silent cards.,,,,,,
colorful_philosophers,Blue,Obtain [blue]3[/blue] Defect cards.,,,,,,
colorful_philosophers,Orange,Obtain [blue]3[/blue] Regent cards.,,,,,,
colorful_philosophers,Pink,Obtain [blue]3[/blue] Necrobinder cards.,,,,,,
dense_vegetation,Rest,Heal [green]30%[/green] Max HP. Fight some [red]enemies[/red].,,,,,,
dense_vegetation,Trudge On,Remove a card from your [gold]Deck[/gold]. Lose [red]11[/red] HP.,,,,,,
jungle_maze_adventure,Join Forces,Gain [blue]35-65[/blue] [gold]Gold[/gold].,,,,,,
jungle_maze_adventure,Solo Quest,Gain [blue]135-165[/blue] [gold]Gold[/gold]. Lose [red]18[/red] HP.,,,,,,
luminous_choir,Offer Tribute,Pay [red]99-149[/red] [gold]Gold[/gold]. Obtain a random [gold]Relic[/gold].,,,,,,
luminous_choir,Reach into the Flesh,Remove [blue]2[/blue] cards from your [gold]Deck[/gold]. Add [red]Spore Mind[/red] to your [gold]Deck[/gold].,,Spore Mind,,,,
morphic_grove,Group,Lose [red]100[/red] [gold]Gold[/gold]. [gold]Transform[/gold] [blue]2[/blue] cards.,,,,,,
morphic_grove,Loner,Gain [green]5[/green] Max HP.,,,,,,
sapphire_seed,Consume,Heal [green]9[/green] HP. [gold]Upgrade[/gold] a card in your [gold]Deck[/gold].,,,,,,
sapphire_seed,Plant and Nourish,[gold]Enchant[/gold] a card with [purple]Sown[/purple].,,,sown,,,
tablet_of_truth,Decipher,Lose [red]3[/red] Max HP. [gold]Upgrade[/gold] a random card.,Repeatable up to 5 times. Costs escalate: 3/6/12/24/all-but-1 Max HP. The 5th decipher upgrades ALL upgradable cards.,,,,,
tablet_of_truth,Smash,Heal [green]20[/green] HP.,,,,,,
unrest_site,Kill the Trees,Lose [red]8[/red] Max HP. Obtain a random [gold]Relic[/gold].,,,,,,
unrest_site,Rest Anyways,[green]Heal to full HP.[/green] Receive [red]Poor Sleep[/red].,,Poor Sleep,,,,
wellspring,Bathe,Remove [blue]1[/blue] card from your [gold]Deck[/gold]. Add [blue]1[/blue] [red]Guilty[/red] to your [gold]Deck[/gold].,,Guilty,,,,
wellspring,Bottle,Procure [blue]1[/blue] random [gold]Potion[/gold].,,,,,,
whispering_hollow,Exchange Gold,Lose [red]50[/red] [gold]Gold[/gold]. Procure [blue]2[/blue] random [gold]Potions[/gold].,,,,,,
whispering_hollow,Hug the Tree,Lose [red]9[/red] HP. Choose a card to [gold]Transform[/gold].,,,,,,
wood_carvings,Bird,Choose [blue]1[/blue] starter card to [gold]Transform[/gold] into [gold]Peck[/gold].,,Peck,,,,
wood_carvings,Snake,[gold]Enchant[/gold] [blue]1[/blue] card with [purple]Slither[/purple].,,,slither,,,
wood_carvings,Torus,Choose [blue]1[/blue] starter card to [gold]Transform[/gold] into [gold]Toric Toughness[/gold].,,Toric Toughness,,,,
abyssal_baths,Abstain,Heal [green]10[/green] HP.,,,,,,
abyssal_baths,Immerse,Gain [green]2[/green] Max HP. Take [red]3[/red] damage.,After immersing you can Linger (same effect with +1 damage each time) or Exit Baths.,,,,,
doors_of_light_and_dark,Dark Door,Remove [blue]1[/blue] card from your [gold]Deck[/gold].,,,,,,
doors_of_light_and_dark,Light Door,[gold]Upgrade[/gold] [blue]2[/blue] random cards.,,,,,,
drowning_beacon,Bottle,Procure [aqua]Glowwater Potion[/aqua].,,,,glowwater_potion,,
drowning_beacon,Climb,Obtain [gold]Fresnel Lens[/gold]. Lose [red]13[/red] Max HP.,,,nimble,,frenel_lens,
endless_conveyor,Observe the Chef,[gold]Upgrade[/gold] a random card in your [gold]Deck[/gold].,,,,,,
endless_conveyor,Grab Caviar off the Belt,Pay [red]35[/red] [gold]Gold[/gold]. Gain [green]4[/green] Max HP. Continue feasting!,~24% chance.,,,,,
endless_conveyor,Grab Fried Eel off the Belt,Pay [red]35[/red] [gold]Gold[/gold]. Add a random Colorless Card to your [gold]Deck[/gold]. Continue feasting!,~12% chance.,,,,,
endless_conveyor,Grab Jelly Liver off the Belt,Pay [red]35[/red] [gold]Gold[/gold]. [gold]Transform[/gold] a card. Continue feasting!,~12% chance.,,,,,
endless_conveyor,Grab Seapunk Salad off the Belt,Pay [red]35[/red] [gold]Gold[/gold]. Add [gold]Feeding Frenzy[/gold] to your [gold]Deck[/gold]. Continue feasting!,"Forced every 5th grab (5th, 10th, etc.).",Feeding Frenzy,,,,
endless_conveyor,Grab Golden Eysh off the Belt,[green]LUCKY WINNER![/green] Gain [blue]75[/blue] [gold]Gold[/gold].,~4% chance. Free (no gold cost). Only appears after first grab.,,,,,
endless_conveyor,Grab Spicy Snappy off the Belt,Pay [red]35[/red] [gold]Gold[/gold]. [gold]Upgrade[/gold] a random card. Continue feasting!,~12% chance.,,,,,
endless_conveyor,Grab Suspicious Condiment off the Belt,Pay [red]35[/red] [gold]Gold[/gold]. Procure [blue]1[/blue] random [gold]Potion[/gold]. Continue feasting!,~12% chance. Only appears if you have open potion slots.,,,,,
endless_conveyor,Grab Clam Roll off the Belt,Pay [red]35[/red] [gold]Gold[/gold]. Heal [green]10[/green] HP. Continue feasting!,~24% chance. Only appears if not at full HP.,,,,,
endless_conveyor,Leave,Leave the conveyor belt.,,,,,,
punch_off,I Can Take Them,Fight them for [gold]Greater Rewards[/gold].,,,,,,
punch_off,Nab,Add [red]Injury[/red] to your [gold]Deck[/gold]. Obtain a random [gold]Relic[/gold].,,Injury,,,,
spiraling_whirlpool,Drink,Heal [green]33%[/green] Max HP.,,,,,,
spiraling_whirlpool,Observe,[gold]Enchant[/gold] a [gold]Strike[/gold] or [gold]Defend[/gold] with [purple]Spiral[/purple].,,,spiral,,,
spiraling_whirlpool,Reach In,Obtain a random [gold]Relic[/gold]. Add [red]Writhe[/red] to your [gold]Deck[/gold].,,Writhe,,,,
sunken_statue,Dive into the Water,Gain [blue]101-121[/blue] [gold]Gold[/gold]. Lose [red]7[/red] HP.,,,,,,
sunken_statue,Grab the Sword,Obtain the [gold]Sword of Stone[/gold].,Sword of Stone transforms into Sword of Jade after 5 fights,,,,"sword_of_stone, sword_of_jade",
sunken_treasury,First Chest,Gain [blue]52-67[/blue] [gold]Gold[/gold].,,,,,,
sunken_treasury,Second Chest,Gain [blue]303-363[/blue] [gold]Gold[/gold]. Receive [red]Greed[/red].,,Greed,,,,
trash_heap,Dive In,Lose [red]8[/red] HP. Obtain a random forgotten [gold]Relic[/gold] from the past.,,,,,"darkstone_periapt,dream_catcher,hand_drill,maw_bank,the_boot",
trash_heap,Grab Random Junk,Gain [blue]100[/blue] [gold]Gold[/gold]. Obtain a random forgotten card from the past.,,"Caltrops, Clash, Distraction, Dual Wield, Entrench, Hello World, Outmaneuver, Rebound, Rip and Tear, Stack",,,,
waterlogged_scriptorium,Bloody Ink,Gain [green]6[/green] Max HP.,,,,,,
waterlogged_scriptorium,Prickly Sponge,Pay [red]155[/red] [gold]Gold[/gold]. [gold]Enchant[/gold] [blue]2[/blue] cards with [purple]Steady[/purple].,,,steady,,,
waterlogged_scriptorium,Tentacle Quill,Pay [red]65[/red] [gold]Gold[/gold]. [gold]Enchant[/gold] a card with [purple]Steady[/purple].,,,steady,,,
amalgamator,Combine Defends,Remove [blue]2[/blue] [gold]Defends[/gold]. Add [gold]Ultimate Defend[/gold] to your [gold]Deck[/gold].,,Ultimate Defend,,,,
amalgamator,Combine Strikes,Remove [blue]2[/blue] [gold]Strikes[/gold]. Add [gold]Ultimate Strike[/gold] to your [gold]Deck[/gold].,,Ultimate Strike,,,,
bugslayer,Learn Extermination Technique,Add [gold]Exterminate[/gold] to your [gold]Deck[/gold].,,Exterminate,,,,
bugslayer,Learn Squash Technique,Add [gold]Squash[/gold] to your [gold]Deck[/gold].,,Squash,,,,
colossal_flower,Extract Nectar,Gain [blue]35/75/135[/blue] [gold]Gold[/gold] (depending on depth).,At each depth you choose to extract gold or reach deeper.,,,,,
colossal_flower,Reach Deeper,Enter deeper. Lose [red]5[/red] HP.,Total HP cost for Pollinous Core: 18 HP.,,,,,
field_of_man_sized_holes,Enter Your Hole,[gold]Enchant[/gold] a card with [purple]Perfect Fit[/purple].,,,perfect_fit,,,
field_of_man_sized_holes,Resist,Remove [blue]2[/blue] cards from your [gold]Deck[/gold]. Add [red]Normality[/red] to your [gold]Deck[/gold].,,Normality,,,,
infested_automaton,Study,Obtain a random [gold]Power[/gold].,,,,,,
infested_automaton,Touch the Core,Obtain a random [gold]0 cost card[/gold].,,,,,,
lost_wisp,Capture the Wisp,Add [red]Decay[/red] to your [gold]Deck[/gold]. Obtain the [gold]Lost Wisp[/gold].,,Decay,,,lost_wisp,
lost_wisp,Search the Nearby Area,Gain [blue]45-75[/blue] [gold]Gold[/gold].,,,,,,
spirit_grafter,Let It In,Heal [green]25[/green] HP. Add [gold]Metamorphosis[/gold] to your [gold]Deck[/gold].,,Metamorphosis,,,,
spirit_grafter,Rejection,Lose [red]9[/red] HP. Remove a card from your [gold]Deck[/gold].,,,,,,
the_lantern_key,Keep the Key,Fight to obtain the Key.,"Initiates a fight with Mysterious Knight that gives normal rewards in addition to the Lantern Key",Lantern Key,,,,"strength, plating"
the_lantern_key,Return the Key,Gain [blue]100[/blue] [gold]Gold[/gold].,,,,,,
zen_weaver,Arachnid Acupuncture,Pay [red]250[/red] [gold]Gold[/gold]. Remove [blue]2[/blue] cards from your [gold]Deck[/gold].,,,,,,
zen_weaver,Breathing Techniques,Pay [red]50[/red] [gold]Gold[/gold]. Add [blue]2[/blue] [gold]Enlightenment[/gold] to your [gold]Deck[/gold].,,Enlightenment,,,,
zen_weaver,Emotional Awareness,Pay [red]125[/red] [gold]Gold[/gold]. Remove [blue]1[/blue] card from your [gold]Deck[/gold].,,,,,,
battleworn_dummy,Setting 1,Fight a [blue]75[/blue] HP dummy. Procure [blue]1[/blue] random [gold]Potion[/gold].,,,,,,
battleworn_dummy,Setting 2,Fight a [blue]150[/blue] HP dummy. [gold]Upgrade[/gold] [blue]2[/blue] random cards.,,,,,,
battleworn_dummy,Setting 3,Fight a [blue]300[/blue] HP dummy. Obtain a random [gold]Relic[/gold].,,,,,,
grave_of_the_forgotten,Accept the Forgotten Soul,Obtain Forgotten Soul.,,,,,,
grave_of_the_forgotten,Confront with Truth,Add [red]Decay[/red] to your [gold]Deck[/gold]. [gold]Enchant[/gold] a card that [gold]Exhausts[/gold] with [purple]Soul's Power[/purple].,,Decay,souls_power,,,
hungry_for_mushrooms,Big Mushroom,Obtain [gold]Big Mushroom[/gold].,,,,,big_mushroom,
hungry_for_mushrooms,Fragrant Mushroom,Obtain [gold]Fragrant Mushroom[/gold].,,,,,fragrant_mushroom,
reflections,Shatter,Duplicate your [gold]Deck[/gold]. Receive [purple]Bad Luck[/purple].,Does not copy the Bad Luck. Enchantments on cards do get copied,Bad Luck,,,,
reflections,Touch a Mirror,[red]Downgrade[/red] [blue]2[/blue] random cards. [green]Upgrade[/green] [blue]4[/blue] random cards.,,,,,,
round_tea_party,Enjoy Your Tea,Obtain [red]Royal Poison[/red]. [green]Heal to full HP.[/green],,,,,royal_poison,
round_tea_party,Pick a Fight,Lose [red]11[/red] HP. Obtain a random [gold]Relic[/gold].,,,,,,
tinker_time,Accept,Create a custom card to add to your [gold]Deck[/gold].,Offered 2 of 3 random types (Attack/Skill/Power) then 2 of 3 random effects for the chosen type.,,,,,"weak,vulnerable,strangle,curious,strength,dexterity,improvement"
trial,[Merchant] Guilty,Add [red]Regret[/red] to your Deck. Obtain 2 random Relics.,,Regret,,,,
trial,[Merchant] Innocent,Add [red]Shame[/red] to your Deck. Upgrade 2 cards.,,Shame,,,,
trial,[Noble] Guilty,Heal 10 HP.,,,,,,
trial,[Noble] Innocent,Add [red]Regret[/red] to your Deck. Gain 300 Gold.,,Regret,,,,
trial,[Nondescript] Guilty,Add [red]Doubt[/red] to your Deck. Get 2 card rewards (3 cards each).,,Doubt,,,,
trial,[Nondescript] Innocent,Add [red]Doubt[/red] to your Deck. Transform 2 cards.,,Doubt,,,,
brain_leech,Rip the Leech Off,Lose [red]5[/red] HP. Gain a Colorless card reward.,,,,,,
brain_leech,Share Knowledge,Choose [blue]1[/blue] of [blue]5[/blue] random cards to add to your [gold]Deck[/gold].,,,,,,
crystal_sphere,Payment Plan,Gain a [red]Debt[/red]. [purple]Divine[/purple] [blue]6[/blue] times.,,"Debt, Doubt",,,,
crystal_sphere,Uncover Future,Pay [red]51-99[/red] [gold]Gold[/gold]. [purple]Divine[/purple] [blue]3[/blue] times.,,,,,,
doll_room,Pick at Random,Obtain a random [gold]Doll Relic[/gold].,,,,,,
doll_room,Take Some Time,Lose [red]5[/red] HP. Choose [blue]1[/blue] of [blue]2[/blue] [gold]Doll Relics[/gold].,,,,,,
doll_room,Examine Each and Make the Best Choice,Lose [red]15[/red] HP. Choose [blue]1[/blue] of [blue]3[/blue] [gold]Doll Relics[/gold].,,,,,"daughter_of_the_wind, bing_bong, mr_struggles",
fake_merchant,Anchor???,Start each combat with 4 Block. (50 Gold),,,,foul_potion,fake_anchor,
fake_merchant,Blood Vial???,"At the start of each combat, heal 1 HP. (50 Gold)",,,,,fake_blood_vial,
fake_merchant,Happy Flower???,"Every 5 turns, gain 1 energy. (50 Gold)",,,,,fake_happy_flower,
fake_merchant,Lee's Waffle???,"Upon pickup, heal 10% of your HP. (50 Gold)",,,,,fake_lees_waffle,
fake_merchant,Mango???,"Upon pickup, raise your Max HP by 3. (50 Gold)",,,,,fake_mango,
fake_merchant,Orichalcum???,"If you end your turn without Block, gain 3 Block. (50 Gold)",,,,,fake_orichalcum,
fake_merchant,Snecko Eye???,Start each combat Confused. (50 Gold),,,,,fake_snecko_eye,
fake_merchant,Strike Dummy???,"Cards containing ""Strike"" deal 1 additional damage. (50 Gold)",,,,,fake_strike_dummy,
fake_merchant,Venerable Tea Set???,"Whenever you enter a Rest Site, start the next combat with an additional energy. (50 Gold)",,,,,"fake_venerable_tea_set,fake_merchants_rug",
potion_courier,Grab Potions,Procure [blue]3[/blue] [gold]Foul Potions[/gold].,,,,foul_potion,,
potion_courier,Ransack,Procure [blue]1[/blue] random [gold]Uncommon Potion[/gold].,,,,,,
ranwid_the_elder,Give 100 Gold,Obtain a random Relic.,,,,,,
ranwid_the_elder,Give Potion,Obtain a random Relic.,,,,,,
ranwid_the_elder,Give Relic,Obtain 2 random Relics.,,,,,,
relic_trader,Take the Bottom One,Trade one of your [gold]Relics[/gold] for a random [gold]Relic[/gold].,,,,,,
relic_trader,Take the Middle One,Trade one of your [gold]Relics[/gold] for a random [gold]Relic[/gold].,,,,,,
relic_trader,Take the Top One,Trade one of your [gold]Relics[/gold] for a random [gold]Relic[/gold].,,,,,,
room_full_of_cheese,Gorge,Choose [blue]2[/blue] of [blue]8[/blue] random [gold]Common[/gold] cards to add to your [gold]Deck[/gold].,,,,,,
room_full_of_cheese,Search,Lose [red]14[/red] HP. Obtain the [gold]Chosen Cheese[/gold].,,,,,chosen_cheese,
self_help_book,Read the Entire Book,Choose a Power to [gold]Enchant[/gold] with [purple]Swift[/purple] [blue]2[/blue].,,,swift,,,
self_help_book,Read a Random Passage,Choose a Skill to [gold]Enchant[/gold] with [purple]Nimble[/purple] [blue]2[/blue].,,,nimble,,,
self_help_book,Read the Back,Choose an Attack to [gold]Enchant[/gold] with [purple]Sharp[/purple] [blue]2[/blue].,,,sharp,,,
slippery_bridge,Overcome,A random card is removed from your [gold]Deck[/gold].,Initially excludes Basic rarity cards.,,,,,
slippery_bridge,Hold On,Lose [red]3[/red] HP (increases by 1 each time). The Overcome card is re-randomized.,,,,,,
stone_of_all_time,Drink and Lift,Lose a random [red]Potion[/red]. Gain [blue]10[/blue] Max HP.,The specific potion is named in the option text.,,,,,
stone_of_all_time,Push,Lose [red]6[/red] HP. [gold]Enchant[/gold] an Attack with [purple]Vigorous[/purple] [blue]8[/blue].,,,vigorous,,,vigor
symbiote,Approach,[gold]Enchant[/gold] an Attack with [purple]Corrupted[/purple].,,,corrupted,,,
symbiote,Kill with Fire,Choose a card to [gold]Transform[/gold].,,,,,,
tea_master,Bone Tea,Pay [red]50[/red] [gold]Gold[/gold]. Obtain [gold]Bone Tea[/gold].,,,,,bone_tea,
tea_master,Ember Tea,Pay [red]150[/red] [gold]Gold[/gold]. Obtain [gold]Ember Tea[/gold].,,,,,ember_tea,
tea_master,Tea of Discourtesy,Obtain [gold]Tea of Discourtesy[/gold].,Free (no gold cost).,,,,tea_of_discourtesy,
the_future_of_potions,Insert Potion,Lose a Potion. Choose 1 of 3 upgraded cards of matching rarity.,Card type is random (Attack/Skill/Power).,,,,,
the_legends_were_true,Nab the Map,Receive the [gold]Spoils Map[/gold].,,Spoils Map,,,,
the_legends_were_true,Slowly Find an Exit,Lose [red]8[/red] HP. Procure [blue]1[/blue] random [gold]Potion[/gold].,,,,,,
this_or_that,This,Lose [red]6[/red] HP. Gain [blue]41-68[/blue] [gold]Gold[/gold].,,,,,,
this_or_that,That,Add [red]Clumsy[/red] to your [gold]Deck[/gold]. Obtain a random [gold]Relic[/gold].,,Clumsy,,,,
war_historian_repy,Unlock the Cage,Lose [gold]Lantern Key[/gold]. Obtain [gold]History Course[/gold].,,,,,history_course,
war_historian_repy,Unlock the Chest,Lose [gold]Lantern Key[/gold]. Procure [blue]2[/blue] random [gold]Potions[/gold]. Obtain [blue]2[/blue] random [gold]Relics[/gold].,,,,,,
welcome_to_wongos,Wongo's Bargain Bin,Pay [red]100[/red] [gold]Gold[/gold]. Obtain [blue]1[/blue] random [gold]Common Relic[/gold].,,,,,,
welcome_to_wongos,Wongo's Featured Item,Pay [red]200[/red] [gold]Gold[/gold]. Obtain a random [gold]Rare Relic[/gold].,,,,,,
welcome_to_wongos,Wongo's Mystery Box,Pay [red]300[/red] [gold]Gold[/gold]. Obtain [blue]3[/blue] random [gold]Relics[/gold] after 5 combats.,,,,,,
welcome_to_wongos,Leave,[red]Downgrade[/red] a random card.,,,,,,
